unacc,vhigh,2,2,small,low,vhigh
unacc,vhigh,2,2,small,med,vhigh
unacc,vhigh,2,2,small,high,vhigh
unacc,vhigh,2,2,med,low,vhigh
unacc,vhigh,2,2,med,med,vhigh
unacc,vhigh,2,2,med,high,vhigh
unacc,vhigh,2,2,big,low,vhigh
unacc,vhigh,2,2,big,med,vhigh
unacc,vhigh,2,2,big,high,vhigh
unacc,vhigh,2,4,small,low,vhigh
unacc,vhigh,2,4,small,med,vhigh
unacc,vhigh,2,4,small,high,vhigh
unacc,vhigh,2,4,med,low,vhigh
unacc,vhigh,2,4,med,med,vhigh
unacc,vhigh,2,4,med,high,vhigh
unacc,vhigh,2,4,big,low,vhigh
unacc,vhigh,2,4,big,med,vhigh
unacc,vhigh,2,4,big,high,vhigh
unacc,vhigh,2,more,small,low,vhigh
unacc,vhigh,2,more,small,med,vhigh
unacc,vhigh,2,more,small,high,vhigh
unacc,vhigh,2,more,med,low,vhigh
unacc,vhigh,2,more,med,med,vhigh
unacc,vhigh,2,more,med,high,vhigh
unacc,vhigh,2,more,big,low,vhigh
unacc,vhigh,2,more,big,med,vhigh
unacc,vhigh,2,more,big,high,vhigh
unacc,vhigh,3,2,small,low,vhigh
unacc,vhigh,3,2,small,med,vhigh
unacc,vhigh,3,2,small,high,vhigh
unacc,vhigh,3,2,med,low,vhigh
unacc,vhigh,3,2,med,med,vhigh
unacc,vhigh,3,2,med,high,vhigh
unacc,vhigh,3,2,big,low,vhigh
unacc,vhigh,3,2,big,med,vhigh
unacc,vhigh,3,2,big,high,vhigh
unacc,vhigh,3,4,small,low,vhigh
unacc,vhigh,3,4,small,med,vhigh
unacc,vhigh,3,4,small,high,vhigh
unacc,vhigh,3,4,med,low,vhigh
unacc,vhigh,3,4,med,med,vhigh
unacc,vhigh,3,4,med,high,vhigh
unacc,vhigh,3,4,big,low,vhigh
unacc,vhigh,3,4,big,med,vhigh
unacc,vhigh,3,4,big,high,vhigh
unacc,vhigh,3,more,small,low,vhigh
unacc,vhigh,3,more,small,med,vhigh
unacc,vhigh,3,more,small,high,vhigh
unacc,vhigh,3,more,med,low,vhigh
unacc,vhigh,3,more,med,med,vhigh
unacc,vhigh,3,more,med,high,vhigh
unacc,vhigh,3,more,big,low,vhigh
unacc,vhigh,3,more,big,med,vhigh
unacc,vhigh,3,more,big,high,vhigh
unacc,vhigh,4,2,small,low,vhigh
unacc,vhigh,4,2,small,med,vhigh
unacc,vhigh,4,2,small,high,vhigh
unacc,vhigh,4,2,med,low,vhigh
unacc,vhigh,4,2,med,med,vhigh
unacc,vhigh,4,2,med,high,vhigh
unacc,vhigh,4,2,big,low,vhigh
unacc,vhigh,4,2,big,med,vhigh
unacc,vhigh,4,2,big,high,vhigh
unacc,vhigh,4,4,small,low,vhigh
unacc,vhigh,4,4,small,med,vhigh
unacc,vhigh,4,4,small,high,vhigh
unacc,vhigh,4,4,med,low,vhigh
unacc,vhigh,4,4,med,med,vhigh
unacc,vhigh,4,4,med,high,vhigh
unacc,vhigh,4,4,big,low,vhigh
unacc,vhigh,4,4,big,med,vhigh
unacc,vhigh,4,4,big,high,vhigh
unacc,vhigh,4,more,small,low,vhigh
unacc,vhigh,4,more,small,med,vhigh
unacc,vhigh,4,more,small,high,vhigh
unacc,vhigh,4,more,med,low,vhigh
unacc,vhigh,4,more,med,med,vhigh
unacc,vhigh,4,more,med,high,vhigh
unacc,vhigh,4,more,big,low,vhigh
unacc,vhigh,4,more,big,med,vhigh
unacc,vhigh,4,more,big,high,vhigh
unacc,vhigh,5more,2,small,low,vhigh
unacc,vhigh,5more,2,small,med,vhigh
unacc,vhigh,5more,2,small,high,vhigh
unacc,vhigh,5more,2,med,low,vhigh
unacc,vhigh,5more,2,med,med,vhigh
unacc,vhigh,5more,2,med,high,vhigh
unacc,vhigh,5more,2,big,low,vhigh
unacc,vhigh,5more,2,big,med,vhigh
unacc,vhigh,5more,2,big,high,vhigh
unacc,vhigh,5more,4,small,low,vhigh
unacc,vhigh,5more,4,small,med,vhigh
unacc,vhigh,5more,4,small,high,vhigh
unacc,vhigh,5more,4,med,low,vhigh
unacc,vhigh,5more,4,med,med,vhigh
unacc,vhigh,5more,4,med,high,vhigh
unacc,vhigh,5more,4,big,low,vhigh
unacc,vhigh,5more,4,big,med,vhigh
unacc,vhigh,5more,4,big,high,vhigh
unacc,vhigh,5more,more,small,low,vhigh
unacc,vhigh,5more,more,small,med,vhigh
unacc,vhigh,5more,more,small,high,vhigh
unacc,vhigh,5more,more,med,low,vhigh
unacc,vhigh,5more,more,med,med,vhigh
unacc,vhigh,5more,more,med,high,vhigh
unacc,vhigh,5more,more,big,low,vhigh
unacc,vhigh,5more,more,big,med,vhigh
unacc,vhigh,5more,more,big,high,vhigh
unacc,high,2,2,small,low,vhigh
unacc,high,2,2,small,med,vhigh
unacc,high,2,2,small,high,vhigh
unacc,high,2,2,med,low,vhigh
unacc,high,2,2,med,med,vhigh
unacc,high,2,2,med,high,vhigh
unacc,high,2,2,big,low,vhigh
unacc,high,2,2,big,med,vhigh
unacc,high,2,2,big,high,vhigh
unacc,high,2,4,small,low,vhigh
unacc,high,2,4,small,med,vhigh
unacc,high,2,4,small,high,vhigh
unacc,high,2,4,med,low,vhigh
unacc,high,2,4,med,med,vhigh
unacc,high,2,4,med,high,vhigh
unacc,high,2,4,big,low,vhigh
unacc,high,2,4,big,med,vhigh
unacc,high,2,4,big,high,vhigh
unacc,high,2,more,small,low,vhigh
unacc,high,2,more,small,med,vhigh
unacc,high,2,more,small,high,vhigh
unacc,high,2,more,med,low,vhigh
unacc,high,2,more,med,med,vhigh
unacc,high,2,more,med,high,vhigh
unacc,high,2,more,big,low,vhigh
unacc,high,2,more,big,med,vhigh
unacc,high,2,more,big,high,vhigh
unacc,high,3,2,small,low,vhigh
unacc,high,3,2,small,med,vhigh
unacc,high,3,2,small,high,vhigh
unacc,high,3,2,med,low,vhigh
unacc,high,3,2,med,med,vhigh
unacc,high,3,2,med,high,vhigh
unacc,high,3,2,big,low,vhigh
unacc,high,3,2,big,med,vhigh
unacc,high,3,2,big,high,vhigh
unacc,high,3,4,small,low,vhigh
unacc,high,3,4,small,med,vhigh
unacc,high,3,4,small,high,vhigh
unacc,high,3,4,med,low,vhigh
unacc,high,3,4,med,med,vhigh
unacc,high,3,4,med,high,vhigh
unacc,high,3,4,big,low,vhigh
unacc,high,3,4,big,med,vhigh
unacc,high,3,4,big,high,vhigh
unacc,high,3,more,small,low,vhigh
unacc,high,3,more,small,med,vhigh
unacc,high,3,more,small,high,vhigh
unacc,high,3,more,med,low,vhigh
unacc,high,3,more,med,med,vhigh
unacc,high,3,more,med,high,vhigh
unacc,high,3,more,big,low,vhigh
unacc,high,3,more,big,med,vhigh
unacc,high,3,more,big,high,vhigh
unacc,high,4,2,small,low,vhigh
unacc,high,4,2,small,med,vhigh
unacc,high,4,2,small,high,vhigh
unacc,high,4,2,med,low,vhigh
unacc,high,4,2,med,med,vhigh
unacc,high,4,2,med,high,vhigh
unacc,high,4,2,big,low,vhigh
unacc,high,4,2,big,med,vhigh
unacc,high,4,2,big,high,vhigh
unacc,high,4,4,small,low,vhigh
unacc,high,4,4,small,med,vhigh
unacc,high,4,4,small,high,vhigh
unacc,high,4,4,med,low,vhigh
unacc,high,4,4,med,med,vhigh
unacc,high,4,4,med,high,vhigh
unacc,high,4,4,big,low,vhigh
unacc,high,4,4,big,med,vhigh
unacc,high,4,4,big,high,vhigh
unacc,high,4,more,small,low,vhigh
unacc,high,4,more,small,med,vhigh
unacc,high,4,more,small,high,vhigh
unacc,high,4,more,med,low,vhigh
unacc,high,4,more,med,med,vhigh
unacc,high,4,more,med,high,vhigh
unacc,high,4,more,big,low,vhigh
unacc,high,4,more,big,med,vhigh
unacc,high,4,more,big,high,vhigh
unacc,high,5more,2,small,low,vhigh
unacc,high,5more,2,small,med,vhigh
unacc,high,5more,2,small,high,vhigh
unacc,high,5more,2,med,low,vhigh
unacc,high,5more,2,med,med,vhigh
unacc,high,5more,2,med,high,vhigh
unacc,high,5more,2,big,low,vhigh
unacc,high,5more,2,big,med,vhigh
unacc,high,5more,2,big,high,vhigh
unacc,high,5more,4,small,low,vhigh
unacc,high,5more,4,small,med,vhigh
unacc,high,5more,4,small,high,vhigh
unacc,high,5more,4,med,low,vhigh
unacc,high,5more,4,med,med,vhigh
unacc,high,5more,4,med,high,vhigh
unacc,high,5more,4,big,low,vhigh
unacc,high,5more,4,big,med,vhigh
unacc,high,5more,4,big,high,vhigh
unacc,high,5more,more,small,low,vhigh
unacc,high,5more,more,small,med,vhigh
unacc,high,5more,more,small,high,vhigh
unacc,high,5more,more,med,low,vhigh
unacc,high,5more,more,med,med,vhigh
unacc,high,5more,more,med,high,vhigh
unacc,high,5more,more,big,low,vhigh
unacc,high,5more,more,big,med,vhigh
unacc,high,5more,more,big,high,vhigh
unacc,med,2,2,small,low,vhigh
unacc,med,2,2,small,med,vhigh
unacc,med,2,2,small,high,vhigh
unacc,med,2,2,med,low,vhigh
unacc,med,2,2,med,med,vhigh
unacc,med,2,2,med,high,vhigh
unacc,med,2,2,big,low,vhigh
unacc,med,2,2,big,med,vhigh
unacc,med,2,2,big,high,vhigh
unacc,med,2,4,small,low,vhigh
unacc,med,2,4,small,med,vhigh
acc,med,2,4,small,high,vhigh
unacc,med,2,4,med,low,vhigh
unacc,med,2,4,med,med,vhigh
acc,med,2,4,med,high,vhigh
unacc,med,2,4,big,low,vhigh
acc,med,2,4,big,med,vhigh
acc,med,2,4,big,high,vhigh
unacc,med,2,more,small,low,vhigh
unacc,med,2,more,small,med,vhigh
unacc,med,2,more,small,high,vhigh
unacc,med,2,more,med,low,vhigh
unacc,med,2,more,med,med,vhigh
acc,med,2,more,med,high,vhigh
unacc,med,2,more,big,low,vhigh
acc,med,2,more,big,med,vhigh
acc,med,2,more,big,high,vhigh
unacc,med,3,2,small,low,vhigh
unacc,med,3,2,small,med,vhigh
unacc,med,3,2,small,high,vhigh
unacc,med,3,2,med,low,vhigh
unacc,med,3,2,med,med,vhigh
unacc,med,3,2,med,high,vhigh
unacc,med,3,2,big,low,vhigh
unacc,med,3,2,big,med,vhigh
unacc,med,3,2,big,high,vhigh
unacc,med,3,4,small,low,vhigh
unacc,med,3,4,small,med,vhigh
acc,med,3,4,small,high,vhigh
unacc,med,3,4,med,low,vhigh
unacc,med,3,4,med,med,vhigh
acc,med,3,4,med,high,vhigh
unacc,med,3,4,big,low,vhigh
acc,med,3,4,big,med,vhigh
acc,med,3,4,big,high,vhigh
unacc,med,3,more,small,low,vhigh
unacc,med,3,more,small,med,vhigh
acc,med,3,more,small,high,vhigh
unacc,med,3,more,med,low,vhigh
acc,med,3,more,med,med,vhigh
acc,med,3,more,med,high,vhigh
unacc,med,3,more,big,low,vhigh
acc,med,3,more,big,med,vhigh
acc,med,3,more,big,high,vhigh
unacc,med,4,2,small,low,vhigh
unacc,med,4,2,small,med,vhigh
unacc,med,4,2,small,high,vhigh
unacc,med,4,2,med,low,vhigh
unacc,med,4,2,med,med,vhigh
unacc,med,4,2,med,high,vhigh
unacc,med,4,2,big,low,vhigh
unacc,med,4,2,big,med,vhigh
unacc,med,4,2,big,high,vhigh
unacc,med,4,4,small,low,vhigh
unacc,med,4,4,small,med,vhigh
acc,med,4,4,small,high,vhigh
unacc,med,4,4,med,low,vhigh
acc,med,4,4,med,med,vhigh
acc,med,4,4,med,high,vhigh
unacc,med,4,4,big,low,vhigh
acc,med,4,4,big,med,vhigh
acc,med,4,4,big,high,vhigh
unacc,med,4,more,small,low,vhigh
unacc,med,4,more,small,med,vhigh
acc,med,4,more,small,high,vhigh
unacc,med,4,more,med,low,vhigh
acc,med,4,more,med,med,vhigh
acc,med,4,more,med,high,vhigh
unacc,med,4,more,big,low,vhigh
acc,med,4,more,big,med,vhigh
acc,med,4,more,big,high,vhigh
unacc,med,5more,2,small,low,vhigh
unacc,med,5more,2,small,med,vhigh
unacc,med,5more,2,small,high,vhigh
unacc,med,5more,2,med,low,vhigh
unacc,med,5more,2,med,med,vhigh
unacc,med,5more,2,med,high,vhigh
unacc,med,5more,2,big,low,vhigh
unacc,med,5more,2,big,med,vhigh
unacc,med,5more,2,big,high,vhigh
unacc,med,5more,4,small,low,vhigh
unacc,med,5more,4,small,med,vhigh
acc,med,5more,4,small,high,vhigh
unacc,med,5more,4,med,low,vhigh
acc,med,5more,4,med,med,vhigh
acc,med,5more,4,med,high,vhigh
unacc,med,5more,4,big,low,vhigh
acc,med,5more,4,big,med,vhigh
acc,med,5more,4,big,high,vhigh
unacc,med,5more,more,small,low,vhigh
unacc,med,5more,more,small,med,vhigh
acc,med,5more,more,small,high,vhigh
unacc,med,5more,more,med,low,vhigh
acc,med,5more,more,med,med,vhigh
acc,med,5more,more,med,high,vhigh
unacc,med,5more,more,big,low,vhigh
acc,med,5more,more,big,med,vhigh
acc,med,5more,more,big,high,vhigh
unacc,low,2,2,small,low,vhigh
unacc,low,2,2,small,med,vhigh
unacc,low,2,2,small,high,vhigh
unacc,low,2,2,med,low,vhigh
unacc,low,2,2,med,med,vhigh
unacc,low,2,2,med,high,vhigh
unacc,low,2,2,big,low,vhigh
unacc,low,2,2,big,med,vhigh
unacc,low,2,2,big,high,vhigh
unacc,low,2,4,small,low,vhigh
unacc,low,2,4,small,med,vhigh
acc,low,2,4,small,high,vhigh
unacc,low,2,4,med,low,vhigh
unacc,low,2,4,med,med,vhigh
acc,low,2,4,med,high,vhigh
unacc,low,2,4,big,low,vhigh
acc,low,2,4,big,med,vhigh
acc,low,2,4,big,high,vhigh
unacc,low,2,more,small,low,vhigh
unacc,low,2,more,small,med,vhigh
unacc,low,2,more,small,high,vhigh
unacc,low,2,more,med,low,vhigh
unacc,low,2,more,med,med,vhigh
acc,low,2,more,med,high,vhigh
unacc,low,2,more,big,low,vhigh
acc,low,2,more,big,med,vhigh
acc,low,2,more,big,high,vhigh
unacc,low,3,2,small,low,vhigh
unacc,low,3,2,small,med,vhigh
unacc,low,3,2,small,high,vhigh
unacc,low,3,2,med,low,vhigh
unacc,low,3,2,med,med,vhigh
unacc,low,3,2,med,high,vhigh
unacc,low,3,2,big,low,vhigh
unacc,low,3,2,big,med,vhigh
unacc,low,3,2,big,high,vhigh
unacc,low,3,4,small,low,vhigh
unacc,low,3,4,small,med,vhigh
acc,low,3,4,small,high,vhigh
unacc,low,3,4,med,low,vhigh
unacc,low,3,4,med,med,vhigh
acc,low,3,4,med,high,vhigh
unacc,low,3,4,big,low,vhigh
acc,low,3,4,big,med,vhigh
acc,low,3,4,big,high,vhigh
unacc,low,3,more,small,low,vhigh
unacc,low,3,more,small,med,vhigh
acc,low,3,more,small,high,vhigh
unacc,low,3,more,med,low,vhigh
acc,low,3,more,med,med,vhigh
acc,low,3,more,med,high,vhigh
unacc,low,3,more,big,low,vhigh
acc,low,3,more,big,med,vhigh
acc,low,3,more,big,high,vhigh
unacc,low,4,2,small,low,vhigh
unacc,low,4,2,small,med,vhigh
unacc,low,4,2,small,high,vhigh
unacc,low,4,2,med,low,vhigh
unacc,low,4,2,med,med,vhigh
unacc,low,4,2,med,high,vhigh
unacc,low,4,2,big,low,vhigh
unacc,low,4,2,big,med,vhigh
unacc,low,4,2,big,high,vhigh
unacc,low,4,4,small,low,vhigh
unacc,low,4,4,small,med,vhigh
acc,low,4,4,small,high,vhigh
unacc,low,4,4,med,low,vhigh
acc,low,4,4,med,med,vhigh
acc,low,4,4,med,high,vhigh
unacc,low,4,4,big,low,vhigh
acc,low,4,4,big,med,vhigh
acc,low,4,4,big,high,vhigh
unacc,low,4,more,small,low,vhigh
unacc,low,4,more,small,med,vhigh
acc,low,4,more,small,high,vhigh
unacc,low,4,more,med,low,vhigh
acc,low,4,more,med,med,vhigh
acc,low,4,more,med,high,vhigh
unacc,low,4,more,big,low,vhigh
acc,low,4,more,big,med,vhigh
acc,low,4,more,big,high,vhigh
unacc,low,5more,2,small,low,vhigh
unacc,low,5more,2,small,med,vhigh
unacc,low,5more,2,small,high,vhigh
unacc,low,5more,2,med,low,vhigh
unacc,low,5more,2,med,med,vhigh
unacc,low,5more,2,med,high,vhigh
unacc,low,5more,2,big,low,vhigh
unacc,low,5more,2,big,med,vhigh
unacc,low,5more,2,big,high,vhigh
unacc,low,5more,4,small,low,vhigh
unacc,low,5more,4,small,med,vhigh
acc,low,5more,4,small,high,vhigh
unacc,low,5more,4,med,low,vhigh
acc,low,5more,4,med,med,vhigh
acc,low,5more,4,med,high,vhigh
unacc,low,5more,4,big,low,vhigh
acc,low,5more,4,big,med,vhigh
acc,low,5more,4,big,high,vhigh
unacc,low,5more,more,small,low,vhigh
unacc,low,5more,more,small,med,vhigh
acc,low,5more,more,small,high,vhigh
unacc,low,5more,more,med,low,vhigh
acc,low,5more,more,med,med,vhigh
acc,low,5more,more,med,high,vhigh
unacc,low,5more,more,big,low,vhigh
acc,low,5more,more,big,med,vhigh
acc,low,5more,more,big,high,vhigh
unacc,vhigh,2,2,small,low,high
unacc,vhigh,2,2,small,med,high
unacc,vhigh,2,2,small,high,high
unacc,vhigh,2,2,med,low,high
unacc,vhigh,2,2,med,med,high
unacc,vhigh,2,2,med,high,high
unacc,vhigh,2,2,big,low,high
unacc,vhigh,2,2,big,med,high
unacc,vhigh,2,2,big,high,high
unacc,vhigh,2,4,small,low,high
unacc,vhigh,2,4,small,med,high
unacc,vhigh,2,4,small,high,high
unacc,vhigh,2,4,med,low,high
unacc,vhigh,2,4,med,med,high
unacc,vhigh,2,4,med,high,high
unacc,vhigh,2,4,big,low,high
unacc,vhigh,2,4,big,med,high
unacc,vhigh,2,4,big,high,high
unacc,vhigh,2,more,small,low,high
unacc,vhigh,2,more,small,med,high
unacc,vhigh,2,more,small,high,high
unacc,vhigh,2,more,med,low,high
unacc,vhigh,2,more,med,med,high
unacc,vhigh,2,more,med,high,high
unacc,vhigh,2,more,big,low,high
unacc,vhigh,2,more,big,med,high
unacc,vhigh,2,more,big,high,high
unacc,vhigh,3,2,small,low,high
unacc,vhigh,3,2,small,med,high
unacc,vhigh,3,2,small,high,high
unacc,vhigh,3,2,med,low,high
unacc,vhigh,3,2,med,med,high
unacc,vhigh,3,2,med,high,high
unacc,vhigh,3,2,big,low,high
unacc,vhigh,3,2,big,med,high
unacc,vhigh,3,2,big,high,high
unacc,vhigh,3,4,small,low,high
unacc,vhigh,3,4,small,med,high
unacc,vhigh,3,4,small,high,high
unacc,vhigh,3,4,med,low,high
unacc,vhigh,3,4,med,med,high
unacc,vhigh,3,4,med,high,high
unacc,vhigh,3,4,big,low,high
unacc,vhigh,3,4,big,med,high
unacc,vhigh,3,4,big,high,high
unacc,vhigh,3,more,small,low,high
unacc,vhigh,3,more,small,med,high
unacc,vhigh,3,more,small,high,high
unacc,vhigh,3,more,med,low,high
unacc,vhigh,3,more,med,med,high
unacc,vhigh,3,more,med,high,high
unacc,vhigh,3,more,big,low,high
unacc,vhigh,3,more,big,med,high
unacc,vhigh,3,more,big,high,high
unacc,vhigh,4,2,small,low,high
unacc,vhigh,4,2,small,med,high
unacc,vhigh,4,2,small,high,high
unacc,vhigh,4,2,med,low,high
unacc,vhigh,4,2,med,med,high
unacc,vhigh,4,2,med,high,high
unacc,vhigh,4,2,big,low,high
unacc,vhigh,4,2,big,med,high
unacc,vhigh,4,2,big,high,high
unacc,vhigh,4,4,small,low,high
unacc,vhigh,4,4,small,med,high
unacc,vhigh,4,4,small,high,high
unacc,vhigh,4,4,med,low,high
unacc,vhigh,4,4,med,med,high
unacc,vhigh,4,4,med,high,high
unacc,vhigh,4,4,big,low,high
unacc,vhigh,4,4,big,med,high
unacc,vhigh,4,4,big,high,high
unacc,vhigh,4,more,small,low,high
unacc,vhigh,4,more,small,med,high
unacc,vhigh,4,more,small,high,high
unacc,vhigh,4,more,med,low,high
unacc,vhigh,4,more,med,med,high
unacc,vhigh,4,more,med,high,high
unacc,vhigh,4,more,big,low,high
unacc,vhigh,4,more,big,med,high
unacc,vhigh,4,more,big,high,high
unacc,vhigh,5more,2,small,low,high
unacc,vhigh,5more,2,small,med,high
unacc,vhigh,5more,2,small,high,high
unacc,vhigh,5more,2,med,low,high
unacc,vhigh,5more,2,med,med,high
unacc,vhigh,5more,2,med,high,high
unacc,vhigh,5more,2,big,low,high
unacc,vhigh,5more,2,big,med,high
unacc,vhigh,5more,2,big,high,high
unacc,vhigh,5more,4,small,low,high
unacc,vhigh,5more,4,small,med,high
unacc,vhigh,5more,4,small,high,high
unacc,vhigh,5more,4,med,low,high
unacc,vhigh,5more,4,med,med,high
unacc,vhigh,5more,4,med,high,high
unacc,vhigh,5more,4,big,low,high
unacc,vhigh,5more,4,big,med,high
unacc,vhigh,5more,4,big,high,high
unacc,vhigh,5more,more,small,low,high
unacc,vhigh,5more,more,small,med,high
unacc,vhigh,5more,more,small,high,high
unacc,vhigh,5more,more,med,low,high
unacc,vhigh,5more,more,med,med,high
unacc,vhigh,5more,more,med,high,high
unacc,vhigh,5more,more,big,low,high
unacc,vhigh,5more,more,big,med,high
unacc,vhigh,5more,more,big,high,high
unacc,high,2,2,small,low,high
unacc,high,2,2,small,med,high
unacc,high,2,2,small,high,high
unacc,high,2,2,med,low,high
unacc,high,2,2,med,med,high
unacc,high,2,2,med,high,high
unacc,high,2,2,big,low,high
unacc,high,2,2,big,med,high
unacc,high,2,2,big,high,high
unacc,high,2,4,small,low,high
unacc,high,2,4,small,med,high
acc,high,2,4,small,high,high
unacc,high,2,4,med,low,high
unacc,high,2,4,med,med,high
acc,high,2,4,med,high,high
unacc,high,2,4,big,low,high
acc,high,2,4,big,med,high
acc,high,2,4,big,high,high
unacc,high,2,more,small,low,high
unacc,high,2,more,small,med,high
unacc,high,2,more,small,high,high
unacc,high,2,more,med,low,high
unacc,high,2,more,med,med,high
acc,high,2,more,med,high,high
unacc,high,2,more,big,low,high
acc,high,2,more,big,med,high
acc,high,2,more,big,high,high
unacc,high,3,2,small,low,high
unacc,high,3,2,small,med,high
unacc,high,3,2,small,high,high
unacc,high,3,2,med,low,high
unacc,high,3,2,med,med,high
unacc,high,3,2,med,high,high
unacc,high,3,2,big,low,high
unacc,high,3,2,big,med,high
unacc,high,3,2,big,high,high
unacc,high,3,4,small,low,high
unacc,high,3,4,small,med,high
acc,high,3,4,small,high,high
unacc,high,3,4,med,low,high
unacc,high,3,4,med,med,high
acc,high,3,4,med,high,high
unacc,high,3,4,big,low,high
acc,high,3,4,big,med,high
acc,high,3,4,big,high,high
unacc,high,3,more,small,low,high
unacc,high,3,more,small,med,high
acc,high,3,more,small,high,high
unacc,high,3,more,med,low,high
acc,high,3,more,med,med,high
acc,high,3,more,med,high,high
unacc,high,3,more,big,low,high
acc,high,3,more,big,med,high
acc,high,3,more,big,high,high
unacc,high,4,2,small,low,high
unacc,high,4,2,small,med,high
unacc,high,4,2,small,high,high
unacc,high,4,2,med,low,high
unacc,high,4,2,med,med,high
unacc,high,4,2,med,high,high
unacc,high,4,2,big,low,high
unacc,high,4,2,big,med,high
unacc,high,4,2,big,high,high
unacc,high,4,4,small,low,high
unacc,high,4,4,small,med,high
acc,high,4,4,small,high,high
unacc,high,4,4,med,low,high
acc,high,4,4,med,med,high
acc,high,4,4,med,high,high
unacc,high,4,4,big,low,high
acc,high,4,4,big,med,high
acc,high,4,4,big,high,high
unacc,high,4,more,small,low,high
unacc,high,4,more,small,med,high
acc,high,4,more,small,high,high
unacc,high,4,more,med,low,high
acc,high,4,more,med,med,high
acc,high,4,more,med,high,high
unacc,high,4,more,big,low,high
acc,high,4,more,big,med,high
acc,high,4,more,big,high,high
unacc,high,5more,2,small,low,high
unacc,high,5more,2,small,med,high
unacc,high,5more,2,small,high,high
unacc,high,5more,2,med,low,high
unacc,high,5more,2,med,med,high
unacc,high,5more,2,med,high,high
unacc,high,5more,2,big,low,high
unacc,high,5more,2,big,med,high
unacc,high,5more,2,big,high,high
unacc,high,5more,4,small,low,high
unacc,high,5more,4,small,med,high
acc,high,5more,4,small,high,high
unacc,high,5more,4,med,low,high
acc,high,5more,4,med,med,high
acc,high,5more,4,med,high,high
unacc,high,5more,4,big,low,high
acc,high,5more,4,big,med,high
acc,high,5more,4,big,high,high
unacc,high,5more,more,small,low,high
unacc,high,5more,more,small,med,high
acc,high,5more,more,small,high,high
unacc,high,5more,more,med,low,high
acc,high,5more,more,med,med,high
acc,high,5more,more,med,high,high
unacc,high,5more,more,big,low,high
acc,high,5more,more,big,med,high
acc,high,5more,more,big,high,high
unacc,med,2,2,small,low,high
unacc,med,2,2,small,med,high
unacc,med,2,2,small,high,high
unacc,med,2,2,med,low,high
unacc,med,2,2,med,med,high
unacc,med,2,2,med,high,high
unacc,med,2,2,big,low,high
unacc,med,2,2,big,med,high
unacc,med,2,2,big,high,high
unacc,med,2,4,small,low,high
unacc,med,2,4,small,med,high
acc,med,2,4,small,high,high
unacc,med,2,4,med,low,high
unacc,med,2,4,med,med,high
acc,med,2,4,med,high,high
unacc,med,2,4,big,low,high
acc,med,2,4,big,med,high
acc,med,2,4,big,high,high
unacc,med,2,more,small,low,high
unacc,med,2,more,small,med,high
unacc,med,2,more,small,high,high
unacc,med,2,more,med,low,high
unacc,med,2,more,med,med,high
acc,med,2,more,med,high,high
unacc,med,2,more,big,low,high
acc,med,2,more,big,med,high
acc,med,2,more,big,high,high
unacc,med,3,2,small,low,high
unacc,med,3,2,small,med,high
unacc,med,3,2,small,high,high
unacc,med,3,2,med,low,high
unacc,med,3,2,med,med,high
unacc,med,3,2,med,high,high
unacc,med,3,2,big,low,high
unacc,med,3,2,big,med,high
unacc,med,3,2,big,high,high
unacc,med,3,4,small,low,high
unacc,med,3,4,small,med,high
acc,med,3,4,small,high,high
unacc,med,3,4,med,low,high
unacc,med,3,4,med,med,high
acc,med,3,4,med,high,high
unacc,med,3,4,big,low,high
acc,med,3,4,big,med,high
acc,med,3,4,big,high,high
unacc,med,3,more,small,low,high
unacc,med,3,more,small,med,high
acc,med,3,more,small,high,high
unacc,med,3,more,med,low,high
acc,med,3,more,med,med,high
acc,med,3,more,med,high,high
unacc,med,3,more,big,low,high
acc,med,3,more,big,med,high
acc,med,3,more,big,high,high
unacc,med,4,2,small,low,high
unacc,med,4,2,small,med,high
unacc,med,4,2,small,high,high
unacc,med,4,2,med,low,high
unacc,med,4,2,med,med,high
unacc,med,4,2,med,high,high
unacc,med,4,2,big,low,high
unacc,med,4,2,big,med,high
unacc,med,4,2,big,high,high
unacc,med,4,4,small,low,high
unacc,med,4,4,small,med,high
acc,med,4,4,small,high,high
unacc,med,4,4,med,low,high
acc,med,4,4,med,med,high
acc,med,4,4,med,high,high
unacc,med,4,4,big,low,high
acc,med,4,4,big,med,high
acc,med,4,4,big,high,high
unacc,med,4,more,small,low,high
unacc,med,4,more,small,med,high
acc,med,4,more,small,high,high
unacc,med,4,more,med,low,high
acc,med,4,more,med,med,high
acc,med,4,more,med,high,high
unacc,med,4,more,big,low,high
acc,med,4,more,big,med,high
acc,med,4,more,big,high,high
unacc,med,5more,2,small,low,high
unacc,med,5more,2,small,med,high
unacc,med,5more,2,small,high,high
unacc,med,5more,2,med,low,high
unacc,med,5more,2,med,med,high
unacc,med,5more,2,med,high,high
unacc,med,5more,2,big,low,high
unacc,med,5more,2,big,med,high
unacc,med,5more,2,big,high,high
unacc,med,5more,4,small,low,high
unacc,med,5more,4,small,med,high
acc,med,5more,4,small,high,high
unacc,med,5more,4,med,low,high
acc,med,5more,4,med,med,high
acc,med,5more,4,med,high,high
unacc,med,5more,4,big,low,high
acc,med,5more,4,big,med,high
acc,med,5more,4,big,high,high
unacc,med,5more,more,small,low,high
unacc,med,5more,more,small,med,high
acc,med,5more,more,small,high,high
unacc,med,5more,more,med,low,high
acc,med,5more,more,med,med,high
acc,med,5more,more,med,high,high
unacc,med,5more,more,big,low,high
acc,med,5more,more,big,med,high
acc,med,5more,more,big,high,high
unacc,low,2,2,small,low,high
unacc,low,2,2,small,med,high
unacc,low,2,2,small,high,high
unacc,low,2,2,med,low,high
unacc,low,2,2,med,med,high
unacc,low,2,2,med,high,high
unacc,low,2,2,big,low,high
unacc,low,2,2,big,med,high
unacc,low,2,2,big,high,high
unacc,low,2,4,small,low,high
unacc,low,2,4,small,med,high
acc,low,2,4,small,high,high
unacc,low,2,4,med,low,high
unacc,low,2,4,med,med,high
acc,low,2,4,med,high,high
unacc,low,2,4,big,low,high
acc,low,2,4,big,med,high
acc,low,2,4,big,high,high
unacc,low,2,more,small,low,high
unacc,low,2,more,small,med,high
unacc,low,2,more,small,high,high
unacc,low,2,more,med,low,high
unacc,low,2,more,med,med,high
acc,low,2,more,med,high,high
unacc,low,2,more,big,low,high
acc,low,2,more,big,med,high
acc,low,2,more,big,high,high
unacc,low,3,2,small,low,high
unacc,low,3,2,small,med,high
unacc,low,3,2,small,high,high
unacc,low,3,2,med,low,high
unacc,low,3,2,med,med,high
unacc,low,3,2,med,high,high
unacc,low,3,2,big,low,high
unacc,low,3,2,big,med,high
unacc,low,3,2,big,high,high
unacc,low,3,4,small,low,high
unacc,low,3,4,small,med,high
acc,low,3,4,small,high,high
unacc,low,3,4,med,low,high
unacc,low,3,4,med,med,high
acc,low,3,4,med,high,high
unacc,low,3,4,big,low,high
acc,low,3,4,big,med,high
acc,low,3,4,big,high,high
unacc,low,3,more,small,low,high
unacc,low,3,more,small,med,high
acc,low,3,more,small,high,high
unacc,low,3,more,med,low,high
acc,low,3,more,med,med,high
acc,low,3,more,med,high,high
unacc,low,3,more,big,low,high
acc,low,3,more,big,med,high
acc,low,3,more,big,high,high
unacc,low,4,2,small,low,high
unacc,low,4,2,small,med,high
unacc,low,4,2,small,high,high
unacc,low,4,2,med,low,high
unacc,low,4,2,med,med,high
unacc,low,4,2,med,high,high
unacc,low,4,2,big,low,high
unacc,low,4,2,big,med,high
unacc,low,4,2,big,high,high
unacc,low,4,4,small,low,high
unacc,low,4,4,small,med,high
acc,low,4,4,small,high,high
unacc,low,4,4,med,low,high
acc,low,4,4,med,med,high
acc,low,4,4,med,high,high
unacc,low,4,4,big,low,high
acc,low,4,4,big,med,high
acc,low,4,4,big,high,high
unacc,low,4,more,small,low,high
unacc,low,4,more,small,med,high
acc,low,4,more,small,high,high
unacc,low,4,more,med,low,high
acc,low,4,more,med,med,high
acc,low,4,more,med,high,high
unacc,low,4,more,big,low,high
acc,low,4,more,big,med,high
acc,low,4,more,big,high,high
unacc,low,5more,2,small,low,high
unacc,low,5more,2,small,med,high
unacc,low,5more,2,small,high,high
unacc,low,5more,2,med,low,high
unacc,low,5more,2,med,med,high
unacc,low,5more,2,med,high,high
unacc,low,5more,2,big,low,high
unacc,low,5more,2,big,med,high
unacc,low,5more,2,big,high,high
unacc,low,5more,4,small,low,high
unacc,low,5more,4,small,med,high
acc,low,5more,4,small,high,high
unacc,low,5more,4,med,low,high
acc,low,5more,4,med,med,high
acc,low,5more,4,med,high,high
unacc,low,5more,4,big,low,high
acc,low,5more,4,big,med,high
acc,low,5more,4,big,high,high
unacc,low,5more,more,small,low,high
unacc,low,5more,more,small,med,high
acc,low,5more,more,small,high,high
unacc,low,5more,more,med,low,high
acc,low,5more,more,med,med,high
acc,low,5more,more,med,high,high
unacc,low,5more,more,big,low,high
acc,low,5more,more,big,med,high
acc,low,5more,more,big,high,high
unacc,vhigh,2,2,small,low,med
unacc,vhigh,2,2,small,med,med
unacc,vhigh,2,2,small,high,med
unacc,vhigh,2,2,med,low,med
unacc,vhigh,2,2,med,med,med
unacc,vhigh,2,2,med,high,med
unacc,vhigh,2,2,big,low,med
unacc,vhigh,2,2,big,med,med
unacc,vhigh,2,2,big,high,med
unacc,vhigh,2,4,small,low,med
unacc,vhigh,2,4,small,med,med
acc,vhigh,2,4,small,high,med
unacc,vhigh,2,4,med,low,med
unacc,vhigh,2,4,med,med,med
acc,vhigh,2,4,med,high,med
unacc,vhigh,2,4,big,low,med
acc,vhigh,2,4,big,med,med
acc,vhigh,2,4,big,high,med
unacc,vhigh,2,more,small,low,med
unacc,vhigh,2,more,small,med,med
unacc,vhigh,2,more,small,high,med
unacc,vhigh,2,more,med,low,med
unacc,vhigh,2,more,med,med,med
acc,vhigh,2,more,med,high,med
unacc,vhigh,2,more,big,low,med
acc,vhigh,2,more,big,med,med
acc,vhigh,2,more,big,high,med
unacc,vhigh,3,2,small,low,med
unacc,vhigh,3,2,small,med,med
unacc,vhigh,3,2,small,high,med
unacc,vhigh,3,2,med,low,med
unacc,vhigh,3,2,med,med,med
unacc,vhigh,3,2,med,high,med
unacc,vhigh,3,2,big,low,med
unacc,vhigh,3,2,big,med,med
unacc,vhigh,3,2,big,high,med
unacc,vhigh,3,4,small,low,med
unacc,vhigh,3,4,small,med,med
acc,vhigh,3,4,small,high,med
unacc,vhigh,3,4,med,low,med
unacc,vhigh,3,4,med,med,med
acc,vhigh,3,4,med,high,med
unacc,vhigh,3,4,big,low,med
acc,vhigh,3,4,big,med,med
acc,vhigh,3,4,big,high,med
unacc,vhigh,3,more,small,low,med
unacc,vhigh,3,more,small,med,med
acc,vhigh,3,more,small,high,med
unacc,vhigh,3,more,med,low,med
acc,vhigh,3,more,med,med,med
acc,vhigh,3,more,med,high,med
unacc,vhigh,3,more,big,low,med
acc,vhigh,3,more,big,med,med
acc,vhigh,3,more,big,high,med
unacc,vhigh,4,2,small,low,med
unacc,vhigh,4,2,small,med,med
unacc,vhigh,4,2,small,high,med
unacc,vhigh,4,2,med,low,med
unacc,vhigh,4,2,med,med,med
unacc,vhigh,4,2,med,high,med
unacc,vhigh,4,2,big,low,med
unacc,vhigh,4,2,big,med,med
unacc,vhigh,4,2,big,high,med
unacc,vhigh,4,4,small,low,med
unacc,vhigh,4,4,small,med,med
acc,vhigh,4,4,small,high,med
unacc,vhigh,4,4,med,low,med
acc,vhigh,4,4,med,med,med
acc,vhigh,4,4,med,high,med
unacc,vhigh,4,4,big,low,med
acc,vhigh,4,4,big,med,med
acc,vhigh,4,4,big,high,med
unacc,vhigh,4,more,small,low,med
unacc,vhigh,4,more,small,med,med
acc,vhigh,4,more,small,high,med
unacc,vhigh,4,more,med,low,med
acc,vhigh,4,more,med,med,med
acc,vhigh,4,more,med,high,med
unacc,vhigh,4,more,big,low,med
acc,vhigh,4,more,big,med,med
acc,vhigh,4,more,big,high,med
unacc,vhigh,5more,2,small,low,med
unacc,vhigh,5more,2,small,med,med
unacc,vhigh,5more,2,small,high,med
unacc,vhigh,5more,2,med,low,med
unacc,vhigh,5more,2,med,med,med
unacc,vhigh,5more,2,med,high,med
unacc,vhigh,5more,2,big,low,med
unacc,vhigh,5more,2,big,med,med
unacc,vhigh,5more,2,big,high,med
unacc,vhigh,5more,4,small,low,med
unacc,vhigh,5more,4,small,med,med
acc,vhigh,5more,4,small,high,med
unacc,vhigh,5more,4,med,low,med
acc,vhigh,5more,4,med,med,med
acc,vhigh,5more,4,med,high,med
unacc,vhigh,5more,4,big,low,med
acc,vhigh,5more,4,big,med,med
acc,vhigh,5more,4,big,high,med
unacc,vhigh,5more,more,small,low,med
unacc,vhigh,5more,more,small,med,med
acc,vhigh,5more,more,small,high,med
unacc,vhigh,5more,more,med,low,med
acc,vhigh,5more,more,med,med,med
acc,vhigh,5more,more,med,high,med
unacc,vhigh,5more,more,big,low,med
acc,vhigh,5more,more,big,med,med
acc,vhigh,5more,more,big,high,med
unacc,high,2,2,small,low,med
unacc,high,2,2,small,med,med
unacc,high,2,2,small,high,med
unacc,high,2,2,med,low,med
unacc,high,2,2,med,med,med
unacc,high,2,2,med,high,med
unacc,high,2,2,big,low,med
unacc,high,2,2,big,med,med
unacc,high,2,2,big,high,med
unacc,high,2,4,small,low,med
unacc,high,2,4,small,med,med
acc,high,2,4,small,high,med
unacc,high,2,4,med,low,med
unacc,high,2,4,med,med,med
acc,high,2,4,med,high,med
unacc,high,2,4,big,low,med
acc,high,2,4,big,med,med
acc,high,2,4,big,high,med
unacc,high,2,more,small,low,med
unacc,high,2,more,small,med,med
unacc,high,2,more,small,high,med
unacc,high,2,more,med,low,med
unacc,high,2,more,med,med,med
acc,high,2,more,med,high,med
unacc,high,2,more,big,low,med
acc,high,2,more,big,med,med
acc,high,2,more,big,high,med
unacc,high,3,2,small,low,med
unacc,high,3,2,small,med,med
unacc,high,3,2,small,high,med
unacc,high,3,2,med,low,med
unacc,high,3,2,med,med,med
unacc,high,3,2,med,high,med
unacc,high,3,2,big,low,med
unacc,high,3,2,big,med,med
unacc,high,3,2,big,high,med
unacc,high,3,4,small,low,med
unacc,high,3,4,small,med,med
acc,high,3,4,small,high,med
unacc,high,3,4,med,low,med
unacc,high,3,4,med,med,med
acc,high,3,4,med,high,med
unacc,high,3,4,big,low,med
acc,high,3,4,big,med,med
acc,high,3,4,big,high,med
unacc,high,3,more,small,low,med
unacc,high,3,more,small,med,med
acc,high,3,more,small,high,med
unacc,high,3,more,med,low,med
acc,high,3,more,med,med,med
acc,high,3,more,med,high,med
unacc,high,3,more,big,low,med
acc,high,3,more,big,med,med
acc,high,3,more,big,high,med
unacc,high,4,2,small,low,med
unacc,high,4,2,small,med,med
unacc,high,4,2,small,high,med
unacc,high,4,2,med,low,med
unacc,high,4,2,med,med,med
unacc,high,4,2,med,high,med
unacc,high,4,2,big,low,med
unacc,high,4,2,big,med,med
unacc,high,4,2,big,high,med
unacc,high,4,4,small,low,med
unacc,high,4,4,small,med,med
acc,high,4,4,small,high,med
unacc,high,4,4,med,low,med
acc,high,4,4,med,med,med
acc,high,4,4,med,high,med
unacc,high,4,4,big,low,med
acc,high,4,4,big,med,med
acc,high,4,4,big,high,med
unacc,high,4,more,small,low,med
unacc,high,4,more,small,med,med
acc,high,4,more,small,high,med
unacc,high,4,more,med,low,med
acc,high,4,more,med,med,med
acc,high,4,more,med,high,med
unacc,high,4,more,big,low,med
acc,high,4,more,big,med,med
acc,high,4,more,big,high,med
unacc,high,5more,2,small,low,med
unacc,high,5more,2,small,med,med
unacc,high,5more,2,small,high,med
unacc,high,5more,2,med,low,med
unacc,high,5more,2,med,med,med
unacc,high,5more,2,med,high,med
unacc,high,5more,2,big,low,med
unacc,high,5more,2,big,med,med
unacc,high,5more,2,big,high,med
unacc,high,5more,4,small,low,med
unacc,high,5more,4,small,med,med
acc,high,5more,4,small,high,med
unacc,high,5more,4,med,low,med
acc,high,5more,4,med,med,med
acc,high,5more,4,med,high,med
unacc,high,5more,4,big,low,med
acc,high,5more,4,big,med,med
acc,high,5more,4,big,high,med
unacc,high,5more,more,small,low,med
unacc,high,5more,more,small,med,med
acc,high,5more,more,small,high,med
unacc,high,5more,more,med,low,med
acc,high,5more,more,med,med,med
acc,high,5more,more,med,high,med
unacc,high,5more,more,big,low,med
acc,high,5more,more,big,med,med
acc,high,5more,more,big,high,med
unacc,med,2,2,small,low,med
unacc,med,2,2,small,med,med
unacc,med,2,2,small,high,med
unacc,med,2,2,med,low,med
unacc,med,2,2,med,med,med
unacc,med,2,2,med,high,med
unacc,med,2,2,big,low,med
unacc,med,2,2,big,med,med
unacc,med,2,2,big,high,med
unacc,med,2,4,small,low,med
acc,med,2,4,small,med,med
acc,med,2,4,small,high,med
unacc,med,2,4,med,low,med
acc,med,2,4,med,med,med
acc,med,2,4,med,high,med
unacc,med,2,4,big,low,med
acc,med,2,4,big,med,med
vgood,med,2,4,big,high,med
unacc,med,2,more,small,low,med
unacc,med,2,more,small,med,med
unacc,med,2,more,small,high,med
unacc,med,2,more,med,low,med
acc,med,2,more,med,med,med
acc,med,2,more,med,high,med
unacc,med,2,more,big,low,med
acc,med,2,more,big,med,med
vgood,med,2,more,big,high,med
unacc,med,3,2,small,low,med
unacc,med,3,2,small,med,med
unacc,med,3,2,small,high,med
unacc,med,3,2,med,low,med
unacc,med,3,2,med,med,med
unacc,med,3,2,med,high,med
unacc,med,3,2,big,low,med
unacc,med,3,2,big,med,med
unacc,med,3,2,big,high,med
unacc,med,3,4,small,low,med
acc,med,3,4,small,med,med
acc,med,3,4,small,high,med
unacc,med,3,4,med,low,med
acc,med,3,4,med,med,med
acc,med,3,4,med,high,med
unacc,med,3,4,big,low,med
acc,med,3,4,big,med,med
vgood,med,3,4,big,high,med
unacc,med,3,more,small,low,med
acc,med,3,more,small,med,med
acc,med,3,more,small,high,med
unacc,med,3,more,med,low,med
acc,med,3,more,med,med,med
vgood,med,3,more,med,high,med
unacc,med,3,more,big,low,med
acc,med,3,more,big,med,med
vgood,med,3,more,big,high,med
unacc,med,4,2,small,low,med
unacc,med,4,2,small,med,med
unacc,med,4,2,small,high,med
unacc,med,4,2,med,low,med
unacc,med,4,2,med,med,med
unacc,med,4,2,med,high,med
unacc,med,4,2,big,low,med
unacc,med,4,2,big,med,med
unacc,med,4,2,big,high,med
unacc,med,4,4,small,low,med
acc,med,4,4,small,med,med
acc,med,4,4,small,high,med
unacc,med,4,4,med,low,med
acc,med,4,4,med,med,med
vgood,med,4,4,med,high,med
unacc,med,4,4,big,low,med
acc,med,4,4,big,med,med
vgood,med,4,4,big,high,med
unacc,med,4,more,small,low,med
acc,med,4,more,small,med,med
acc,med,4,more,small,high,med
unacc,med,4,more,med,low,med
acc,med,4,more,med,med,med
vgood,med,4,more,med,high,med
unacc,med,4,more,big,low,med
acc,med,4,more,big,med,med
vgood,med,4,more,big,high,med
unacc,med,5more,2,small,low,med
unacc,med,5more,2,small,med,med
unacc,med,5more,2,small,high,med
unacc,med,5more,2,med,low,med
unacc,med,5more,2,med,med,med
unacc,med,5more,2,med,high,med
unacc,med,5more,2,big,low,med
unacc,med,5more,2,big,med,med
unacc,med,5more,2,big,high,med
unacc,med,5more,4,small,low,med
acc,med,5more,4,small,med,med
acc,med,5more,4,small,high,med
unacc,med,5more,4,med,low,med
acc,med,5more,4,med,med,med
vgood,med,5more,4,med,high,med
unacc,med,5more,4,big,low,med
acc,med,5more,4,big,med,med
vgood,med,5more,4,big,high,med
unacc,med,5more,more,small,low,med
acc,med,5more,more,small,med,med
acc,med,5more,more,small,high,med
unacc,med,5more,more,med,low,med
acc,med,5more,more,med,med,med
vgood,med,5more,more,med,high,med
unacc,med,5more,more,big,low,med
acc,med,5more,more,big,med,med
vgood,med,5more,more,big,high,med
unacc,low,2,2,small,low,med
unacc,low,2,2,small,med,med
unacc,low,2,2,small,high,med
unacc,low,2,2,med,low,med
unacc,low,2,2,med,med,med
unacc,low,2,2,med,high,med
unacc,low,2,2,big,low,med
unacc,low,2,2,big,med,med
unacc,low,2,2,big,high,med
unacc,low,2,4,small,low,med
acc,low,2,4,small,med,med
good,low,2,4,small,high,med
unacc,low,2,4,med,low,med
acc,low,2,4,med,med,med
good,low,2,4,med,high,med
unacc,low,2,4,big,low,med
good,low,2,4,big,med,med
vgood,low,2,4,big,high,med
unacc,low,2,more,small,low,med
unacc,low,2,more,small,med,med
unacc,low,2,more,small,high,med
unacc,low,2,more,med,low,med
acc,low,2,more,med,med,med
good,low,2,more,med,high,med
unacc,low,2,more,big,low,med
good,low,2,more,big,med,med
vgood,low,2,more,big,high,med
unacc,low,3,2,small,low,med
unacc,low,3,2,small,med,med
unacc,low,3,2,small,high,med
unacc,low,3,2,med,low,med
unacc,low,3,2,med,med,med
unacc,low,3,2,med,high,med
unacc,low,3,2,big,low,med
unacc,low,3,2,big,med,med
unacc,low,3,2,big,high,med
unacc,low,3,4,small,low,med
acc,low,3,4,small,med,med
good,low,3,4,small,high,med
unacc,low,3,4,med,low,med
acc,low,3,4,med,med,med
good,low,3,4,med,high,med
unacc,low,3,4,big,low,med
good,low,3,4,big,med,med
vgood,low,3,4,big,high,med
unacc,low,3,more,small,low,med
acc,low,3,more,small,med,med
good,low,3,more,small,high,med
unacc,low,3,more,med,low,med
good,low,3,more,med,med,med
vgood,low,3,more,med,high,med
unacc,low,3,more,big,low,med
good,low,3,more,big,med,med
vgood,low,3,more,big,high,med
unacc,low,4,2,small,low,med
unacc,low,4,2,small,med,med
unacc,low,4,2,small,high,med
unacc,low,4,2,med,low,med
unacc,low,4,2,med,med,med
unacc,low,4,2,med,high,med
unacc,low,4,2,big,low,med
unacc,low,4,2,big,med,med
unacc,low,4,2,big,high,med
unacc,low,4,4,small,low,med
acc,low,4,4,small,med,med
good,low,4,4,small,high,med
unacc,low,4,4,med,low,med
good,low,4,4,med,med,med
vgood,low,4,4,med,high,med
unacc,low,4,4,big,low,med
good,low,4,4,big,med,med
vgood,low,4,4,big,high,med
unacc,low,4,more,small,low,med
acc,low,4,more,small,med,med
good,low,4,more,small,high,med
unacc,low,4,more,med,low,med
good,low,4,more,med,med,med
vgood,low,4,more,med,high,med
unacc,low,4,more,big,low,med
good,low,4,more,big,med,med
vgood,low,4,more,big,high,med
unacc,low,5more,2,small,low,med
unacc,low,5more,2,small,med,med
unacc,low,5more,2,small,high,med
unacc,low,5more,2,med,low,med
unacc,low,5more,2,med,med,med
unacc,low,5more,2,med,high,med
unacc,low,5more,2,big,low,med
unacc,low,5more,2,big,med,med
unacc,low,5more,2,big,high,med
unacc,low,5more,4,small,low,med
acc,low,5more,4,small,med,med
good,low,5more,4,small,high,med
unacc,low,5more,4,med,low,med
good,low,5more,4,med,med,med
vgood,low,5more,4,med,high,med
unacc,low,5more,4,big,low,med
good,low,5more,4,big,med,med
vgood,low,5more,4,big,high,med
unacc,low,5more,more,small,low,med
acc,low,5more,more,small,med,med
good,low,5more,more,small,high,med
unacc,low,5more,more,med,low,med
good,low,5more,more,med,med,med
vgood,low,5more,more,med,high,med
unacc,low,5more,more,big,low,med
good,low,5more,more,big,med,med
vgood,low,5more,more,big,high,med
unacc,vhigh,2,2,small,low,low
unacc,vhigh,2,2,small,med,low
unacc,vhigh,2,2,small,high,low
unacc,vhigh,2,2,med,low,low
unacc,vhigh,2,2,med,med,low
unacc,vhigh,2,2,med,high,low
unacc,vhigh,2,2,big,low,low
unacc,vhigh,2,2,big,med,low
unacc,vhigh,2,2,big,high,low
unacc,vhigh,2,4,small,low,low
unacc,vhigh,2,4,small,med,low
acc,vhigh,2,4,small,high,low
unacc,vhigh,2,4,med,low,low
unacc,vhigh,2,4,med,med,low
acc,vhigh,2,4,med,high,low
unacc,vhigh,2,4,big,low,low
acc,vhigh,2,4,big,med,low
acc,vhigh,2,4,big,high,low
unacc,vhigh,2,more,small,low,low
unacc,vhigh,2,more,small,med,low
unacc,vhigh,2,more,small,high,low
unacc,vhigh,2,more,med,low,low
unacc,vhigh,2,more,med,med,low
acc,vhigh,2,more,med,high,low
unacc,vhigh,2,more,big,low,low
acc,vhigh,2,more,big,med,low
acc,vhigh,2,more,big,high,low
unacc,vhigh,3,2,small,low,low
unacc,vhigh,3,2,small,med,low
unacc,vhigh,3,2,small,high,low
unacc,vhigh,3,2,med,low,low
unacc,vhigh,3,2,med,med,low
unacc,vhigh,3,2,med,high,low
unacc,vhigh,3,2,big,low,low
unacc,vhigh,3,2,big,med,low
unacc,vhigh,3,2,big,high,low
unacc,vhigh,3,4,small,low,low
unacc,vhigh,3,4,small,med,low
acc,vhigh,3,4,small,high,low
unacc,vhigh,3,4,med,low,low
unacc,vhigh,3,4,med,med,low
acc,vhigh,3,4,med,high,low
unacc,vhigh,3,4,big,low,low
acc,vhigh,3,4,big,med,low
acc,vhigh,3,4,big,high,low
unacc,vhigh,3,more,small,low,low
unacc,vhigh,3,more,small,med,low
acc,vhigh,3,more,small,high,low
unacc,vhigh,3,more,med,low,low
acc,vhigh,3,more,med,med,low
acc,vhigh,3,more,med,high,low
unacc,vhigh,3,more,big,low,low
acc,vhigh,3,more,big,med,low
acc,vhigh,3,more,big,high,low
unacc,vhigh,4,2,small,low,low
unacc,vhigh,4,2,small,med,low
unacc,vhigh,4,2,small,high,low
unacc,vhigh,4,2,med,low,low
unacc,vhigh,4,2,med,med,low
unacc,vhigh,4,2,med,high,low
unacc,vhigh,4,2,big,low,low
unacc,vhigh,4,2,big,med,low
unacc,vhigh,4,2,big,high,low
unacc,vhigh,4,4,small,low,low
unacc,vhigh,4,4,small,med,low
acc,vhigh,4,4,small,high,low
unacc,vhigh,4,4,med,low,low
acc,vhigh,4,4,med,med,low
acc,vhigh,4,4,med,high,low
unacc,vhigh,4,4,big,low,low
acc,vhigh,4,4,big,med,low
acc,vhigh,4,4,big,high,low
unacc,vhigh,4,more,small,low,low
unacc,vhigh,4,more,small,med,low
acc,vhigh,4,more,small,high,low
unacc,vhigh,4,more,med,low,low
acc,vhigh,4,more,med,med,low
acc,vhigh,4,more,med,high,low
unacc,vhigh,4,more,big,low,low
acc,vhigh,4,more,big,med,low
acc,vhigh,4,more,big,high,low
unacc,vhigh,5more,2,small,low,low
unacc,vhigh,5more,2,small,med,low
unacc,vhigh,5more,2,small,high,low
unacc,vhigh,5more,2,med,low,low
unacc,vhigh,5more,2,med,med,low
unacc,vhigh,5more,2,med,high,low
unacc,vhigh,5more,2,big,low,low
unacc,vhigh,5more,2,big,med,low
unacc,vhigh,5more,2,big,high,low
unacc,vhigh,5more,4,small,low,low
unacc,vhigh,5more,4,small,med,low
acc,vhigh,5more,4,small,high,low
unacc,vhigh,5more,4,med,low,low
acc,vhigh,5more,4,med,med,low
acc,vhigh,5more,4,med,high,low
unacc,vhigh,5more,4,big,low,low
acc,vhigh,5more,4,big,med,low
acc,vhigh,5more,4,big,high,low
unacc,vhigh,5more,more,small,low,low
unacc,vhigh,5more,more,small,med,low
acc,vhigh,5more,more,small,high,low
unacc,vhigh,5more,more,med,low,low
acc,vhigh,5more,more,med,med,low
acc,vhigh,5more,more,med,high,low
unacc,vhigh,5more,more,big,low,low
acc,vhigh,5more,more,big,med,low
acc,vhigh,5more,more,big,high,low
unacc,high,2,2,small,low,low
unacc,high,2,2,small,med,low
unacc,high,2,2,small,high,low
unacc,high,2,2,med,low,low
unacc,high,2,2,med,med,low
unacc,high,2,2,med,high,low
unacc,high,2,2,big,low,low
unacc,high,2,2,big,med,low
unacc,high,2,2,big,high,low
unacc,high,2,4,small,low,low
acc,high,2,4,small,med,low
acc,high,2,4,small,high,low
unacc,high,2,4,med,low,low
acc,high,2,4,med,med,low
acc,high,2,4,med,high,low
unacc,high,2,4,big,low,low
acc,high,2,4,big,med,low
vgood,high,2,4,big,high,low
unacc,high,2,more,small,low,low
unacc,high,2,more,small,med,low
unacc,high,2,more,small,high,low
unacc,high,2,more,med,low,low
acc,high,2,more,med,med,low
acc,high,2,more,med,high,low
unacc,high,2,more,big,low,low
acc,high,2,more,big,med,low
vgood,high,2,more,big,high,low
unacc,high,3,2,small,low,low
unacc,high,3,2,small,med,low
unacc,high,3,2,small,high,low
unacc,high,3,2,med,low,low
unacc,high,3,2,med,med,low
unacc,high,3,2,med,high,low
unacc,high,3,2,big,low,low
unacc,high,3,2,big,med,low
unacc,high,3,2,big,high,low
unacc,high,3,4,small,low,low
acc,high,3,4,small,med,low
acc,high,3,4,small,high,low
unacc,high,3,4,med,low,low
acc,high,3,4,med,med,low
acc,high,3,4,med,high,low
unacc,high,3,4,big,low,low
acc,high,3,4,big,med,low
vgood,high,3,4,big,high,low
unacc,high,3,more,small,low,low
acc,high,3,more,small,med,low
acc,high,3,more,small,high,low
unacc,high,3,more,med,low,low
acc,high,3,more,med,med,low
vgood,high,3,more,med,high,low
unacc,high,3,more,big,low,low
acc,high,3,more,big,med,low
vgood,high,3,more,big,high,low
unacc,high,4,2,small,low,low
unacc,high,4,2,small,med,low
unacc,high,4,2,small,high,low
unacc,high,4,2,med,low,low
unacc,high,4,2,med,med,low
unacc,high,4,2,med,high,low
unacc,high,4,2,big,low,low
unacc,high,4,2,big,med,low
unacc,high,4,2,big,high,low
unacc,high,4,4,small,low,low
acc,high,4,4,small,med,low
acc,high,4,4,small,high,low
unacc,high,4,4,med,low,low
acc,high,4,4,med,med,low
vgood,high,4,4,med,high,low
unacc,high,4,4,big,low,low
acc,high,4,4,big,med,low
vgood,high,4,4,big,high,low
unacc,high,4,more,small,low,low
acc,high,4,more,small,med,low
acc,high,4,more,small,high,low
unacc,high,4,more,med,low,low
acc,high,4,more,med,med,low
vgood,high,4,more,med,high,low
unacc,high,4,more,big,low,low
acc,high,4,more,big,med,low
vgood,high,4,more,big,high,low
unacc,high,5more,2,small,low,low
unacc,high,5more,2,small,med,low
unacc,high,5more,2,small,high,low
unacc,high,5more,2,med,low,low
unacc,high,5more,2,med,med,low
unacc,high,5more,2,med,high,low
unacc,high,5more,2,big,low,low
unacc,high,5more,2,big,med,low
unacc,high,5more,2,big,high,low
unacc,high,5more,4,small,low,low
acc,high,5more,4,small,med,low
acc,high,5more,4,small,high,low
unacc,high,5more,4,med,low,low
acc,high,5more,4,med,med,low
vgood,high,5more,4,med,high,low
unacc,high,5more,4,big,low,low
acc,high,5more,4,big,med,low
vgood,high,5more,4,big,high,low
unacc,high,5more,more,small,low,low
acc,high,5more,more,small,med,low
acc,high,5more,more,small,high,low
unacc,high,5more,more,med,low,low
acc,high,5more,more,med,med,low
vgood,high,5more,more,med,high,low
unacc,high,5more,more,big,low,low
acc,high,5more,more,big,med,low
vgood,high,5more,more,big,high,low
unacc,med,2,2,small,low,low
unacc,med,2,2,small,med,low
unacc,med,2,2,small,high,low
unacc,med,2,2,med,low,low
unacc,med,2,2,med,med,low
unacc,med,2,2,med,high,low
unacc,med,2,2,big,low,low
unacc,med,2,2,big,med,low
unacc,med,2,2,big,high,low
unacc,med,2,4,small,low,low
acc,med,2,4,small,med,low
good,med,2,4,small,high,low
unacc,med,2,4,med,low,low
acc,med,2,4,med,med,low
good,med,2,4,med,high,low
unacc,med,2,4,big,low,low
good,med,2,4,big,med,low
vgood,med,2,4,big,high,low
unacc,med,2,more,small,low,low
unacc,med,2,more,small,med,low
unacc,med,2,more,small,high,low
unacc,med,2,more,med,low,low
acc,med,2,more,med,med,low
good,med,2,more,med,high,low
unacc,med,2,more,big,low,low
good,med,2,more,big,med,low
vgood,med,2,more,big,high,low
unacc,med,3,2,small,low,low
unacc,med,3,2,small,med,low
unacc,med,3,2,small,high,low
unacc,med,3,2,med,low,low
unacc,med,3,2,med,med,low
unacc,med,3,2,med,high,low
unacc,med,3,2,big,low,low
unacc,med,3,2,big,med,low
unacc,med,3,2,big,high,low
unacc,med,3,4,small,low,low
acc,med,3,4,small,med,low
good,med,3,4,small,high,low
unacc,med,3,4,med,low,low
acc,med,3,4,med,med,low
good,med,3,4,med,high,low
unacc,med,3,4,big,low,low
good,med,3,4,big,med,low
vgood,med,3,4,big,high,low
unacc,med,3,more,small,low,low
acc,med,3,more,small,med,low
good,med,3,more,small,high,low
unacc,med,3,more,med,low,low
good,med,3,more,med,med,low
vgood,med,3,more,med,high,low
unacc,med,3,more,big,low,low
good,med,3,more,big,med,low
vgood,med,3,more,big,high,low
unacc,med,4,2,small,low,low
unacc,med,4,2,small,med,low
unacc,med,4,2,small,high,low
unacc,med,4,2,med,low,low
unacc,med,4,2,med,med,low
unacc,med,4,2,med,high,low
unacc,med,4,2,big,low,low
unacc,med,4,2,big,med,low
unacc,med,4,2,big,high,low
unacc,med,4,4,small,low,low
acc,med,4,4,small,med,low
good,med,4,4,small,high,low
unacc,med,4,4,med,low,low
good,med,4,4,med,med,low
vgood,med,4,4,med,high,low
unacc,med,4,4,big,low,low
good,med,4,4,big,med,low
vgood,med,4,4,big,high,low
unacc,med,4,more,small,low,low
acc,med,4,more,small,med,low
good,med,4,more,small,high,low
unacc,med,4,more,med,low,low
good,med,4,more,med,med,low
vgood,med,4,more,med,high,low
unacc,med,4,more,big,low,low
good,med,4,more,big,med,low
vgood,med,4,more,big,high,low
unacc,med,5more,2,small,low,low
unacc,med,5more,2,small,med,low
unacc,med,5more,2,small,high,low
unacc,med,5more,2,med,low,low
unacc,med,5more,2,med,med,low
unacc,med,5more,2,med,high,low
unacc,med,5more,2,big,low,low
unacc,med,5more,2,big,med,low
unacc,med,5more,2,big,high,low
unacc,med,5more,4,small,low,low
acc,med,5more,4,small,med,low
good,med,5more,4,small,high,low
unacc,med,5more,4,med,low,low
good,med,5more,4,med,med,low
vgood,med,5more,4,med,high,low
unacc,med,5more,4,big,low,low
good,med,5more,4,big,med,low
vgood,med,5more,4,big,high,low
unacc,med,5more,more,small,low,low
acc,med,5more,more,small,med,low
good,med,5more,more,small,high,low
unacc,med,5more,more,med,low,low
good,med,5more,more,med,med,low
vgood,med,5more,more,med,high,low
unacc,med,5more,more,big,low,low
good,med,5more,more,big,med,low
vgood,med,5more,more,big,high,low
unacc,low,2,2,small,low,low
unacc,low,2,2,small,med,low
unacc,low,2,2,small,high,low
unacc,low,2,2,med,low,low
unacc,low,2,2,med,med,low
unacc,low,2,2,med,high,low
unacc,low,2,2,big,low,low
unacc,low,2,2,big,med,low
unacc,low,2,2,big,high,low
unacc,low,2,4,small,low,low
acc,low,2,4,small,med,low
good,low,2,4,small,high,low
unacc,low,2,4,med,low,low
acc,low,2,4,med,med,low
good,low,2,4,med,high,low
unacc,low,2,4,big,low,low
good,low,2,4,big,med,low
vgood,low,2,4,big,high,low
unacc,low,2,more,small,low,low
unacc,low,2,more,small,med,low
unacc,low,2,more,small,high,low
unacc,low,2,more,med,low,low
acc,low,2,more,med,med,low
good,low,2,more,med,high,low
unacc,low,2,more,big,low,low
good,low,2,more,big,med,low
vgood,low,2,more,big,high,low
unacc,low,3,2,small,low,low
unacc,low,3,2,small,med,low
unacc,low,3,2,small,high,low
unacc,low,3,2,med,low,low
unacc,low,3,2,med,med,low
unacc,low,3,2,med,high,low
unacc,low,3,2,big,low,low
unacc,low,3,2,big,med,low
unacc,low,3,2,big,high,low
unacc,low,3,4,small,low,low
acc,low,3,4,small,med,low
good,low,3,4,small,high,low
unacc,low,3,4,med,low,low
acc,low,3,4,med,med,low
good,low,3,4,med,high,low
unacc,low,3,4,big,low,low
good,low,3,4,big,med,low
vgood,low,3,4,big,high,low
unacc,low,3,more,small,low,low
acc,low,3,more,small,med,low
good,low,3,more,small,high,low
unacc,low,3,more,med,low,low
good,low,3,more,med,med,low
vgood,low,3,more,med,high,low
unacc,low,3,more,big,low,low
good,low,3,more,big,med,low
vgood,low,3,more,big,high,low
unacc,low,4,2,small,low,low
unacc,low,4,2,small,med,low
unacc,low,4,2,small,high,low
unacc,low,4,2,med,low,low
unacc,low,4,2,med,med,low
unacc,low,4,2,med,high,low
unacc,low,4,2,big,low,low
unacc,low,4,2,big,med,low
unacc,low,4,2,big,high,low
unacc,low,4,4,small,low,low
acc,low,4,4,small,med,low
good,low,4,4,small,high,low
unacc,low,4,4,med,low,low
good,low,4,4,med,med,low
vgood,low,4,4,med,high,low
unacc,low,4,4,big,low,low
good,low,4,4,big,med,low
vgood,low,4,4,big,high,low
unacc,low,4,more,small,low,low
acc,low,4,more,small,med,low
good,low,4,more,small,high,low
unacc,low,4,more,med,low,low
good,low,4,more,med,med,low
vgood,low,4,more,med,high,low
unacc,low,4,more,big,low,low
good,low,4,more,big,med,low
vgood,low,4,more,big,high,low
unacc,low,5more,2,small,low,low
unacc,low,5more,2,small,med,low
unacc,low,5more,2,small,high,low
unacc,low,5more,2,med,low,low
unacc,low,5more,2,med,med,low
unacc,low,5more,2,med,high,low
unacc,low,5more,2,big,low,low
unacc,low,5more,2,big,med,low
unacc,low,5more,2,big,high,low
unacc,low,5more,4,small,low,low
acc,low,5more,4,small,med,low
good,low,5more,4,small,high,low
unacc,low,5more,4,med,low,low
good,low,5more,4,med,med,low
vgood,low,5more,4,med,high,low
unacc,low,5more,4,big,low,low
good,low,5more,4,big,med,low
vgood,low,5more,4,big,high,low
unacc,low,5more,more,small,low,low
acc,low,5more,more,small,med,low
good,low,5more,more,small,high,low
unacc,low,5more,more,med,low,low
good,low,5more,more,med,med,low
vgood,low,5more,more,med,high,low
unacc,low,5more,more,big,low,low
good,low,5more,more,big,med,low
vgood,low,5more,more,big,high,low
